country,name,age,boat,gender,by
ARG,Chiara Gutierrez,2,C,W,2002
ARG,Joaquin Lukac,2,C,M,2002
ARG,Lisandro Butti,2,K,M,2002
ARG,Lisandro Utti,2,K,M,2002
ARG,Manuel Orero,3,K,M,2003
ARG,Nahir Odriguez,3,K,W,2003
ARG,Nahir Rodriguez,3,K,W,2003
ARG,Pedro Ratto,2,K,M,2002
ARG,Rebeca Destefano,2,K,W,2002
ARG,Valentin Rossi,2,K,M,2002
ARM,Davit Marabyan,1,C,M,2001
ARM,Karen Harutyunyan,0,K,M,2000
ARM,Vahe Davtyn,0,C,M,2000
AUS,Ashlee Schoene,1,K,W,2001
AUS,Bancroft Lachlan,1,K,M,2001
AUS,Brodhurst Carter,1,K,M,2001
AUS,Caitlin Ribbons,0,K,W,2000
AUS,Chelsea Beale,2,K,W,2002
AUS,Daniel Kucharski,1,K,M,2001
AUS,Fay Alicia,1,K,W,2001
AUS,Fletcher Armstrong,2,K,M,2002
AUS,Jarrah Sheppard,2,K,M,2002
AUS,Jessica Allen,1,K,W,2001
AUS,Jessica Llen,1,K,W,2001
AUS,Kobe Wilson,1,K,M,2001
AUS,Luke Egger,2,K,M,2002
AUS,Macgregor Doyle,0,K,M,2000
AUS,Nicci Vesely,2,K,W,2002
AUS,Peacock Daniel,0,K,M,2000
AUS,Sebastian Kucharski,1,K,M,2001
AUS,Shania Smee,0,K,W,2000
AUS,Tasman Farrell,1,K,M,2001
AUS,Thomas Hughes,0,K,M,2000
AUS,Warne Anthea,1,K,W,2001
AUS,Yasemin Ray,1,K,W,2001
AUT,Bianca Schuster,2,K,W,2002
AUT,Cornelia Hepp,3,K,W,2003
AUT,Lena Hölzl,3,K,W,2003
AUT,Leopold Vogtenhuber,2,K,M,2002
AUT,Lukas Schuster,0,K,M,2000
AUT,Marina Schmalzer,3,K,W,2003
AUT,Matthias Ritschel,1,K,M,2001
AUT,Timon Maurer,0,K,M,2000
BEL,Amber Van Broekhoven,0,K,W,2000
BEL,Jules Vangeel,2,K,M,2002
BEL,Thomas Nevelsteen,0,K,M,2000
BEL,Tom Verduyckt,1,K,M,2001
BIH,Mia Matijevic,1,K,W,2001
BIH,Sanjin Sabanovic,0,K,M,2000
BUL,Denis Dimitrov,1,K,M,2001
BUL,Dimitar Petrov,1,C,M,2001
BUL,Virdjinia Korcheva,0,K,W,2000
BUL,Yoana Georgieva,2,K,W,2002
CAN,Adam Richard,0,C,M,2000
CAN,Adriana Osende,1,K,W,2001
CAN,Alex Canning,0,K,M,2000
CAN,Alexander Mallet,1,K,M,2001
CAN,Alexandre Hoferek,0,K,M,2000
CAN,Alexanne Morin,0,K,W,2000
CAN,Andrew Billard,2,C,M,2002
CAN,Anya Chuprys,0,K,W,2000
CAN,Brooklyn Wodehouse,0,K,W,2000
CAN,Cameron Ledrew,0,K,M,2000
CAN,Cameron Low,1,K,M,2001
CAN,Charlotte Richard,0,C,W,2000
CAN,Dawson Peachey,0,C,M,2000
CAN,Florence Turcotte,1,K,W,2001
CAN,Hannah English,0,K,W,2000
CAN,Jenna Neate,0,K,W,2000
CAN,Jessica Mackay,1,C,W,2001
CAN,Julia Osende,1,C,W,2001
CAN,Laura Mackinnon,0,K,W,2000
CAN,Laurent Lavigne,1,K,M,2001
CAN,Lindsay Irwin,0,C,W,2000
CAN,Louis Vranderick,0,K,M,2000
CAN,Maeve Leblanc,0,C,W,2000
CAN,Marc Cinq-mars,2,C,M,2002
CAN,Maren Bradley,1,K,W,2001
CAN,Marlee Macintosh,0,C,W,2000
CAN,Mason Koch,0,C,M,2000
CAN,Matthew O´neill,2,C,M,2002
CAN,Michaela Ermanovics,0,C,W,2000
CAN,Nicholas Billard,0,C,M,2000
CAN,Nikole Gorelova,0,C,W,2000
CAN,Olivia Pucci,1,K,W,2001
CAN,Sacha Skirzyk,1,K,M,2001
CAN,Samantha Stein,0,K,W,2000
CAN,Sawyer Capes,0,K,M,2000
CAN,Sloan Mackenzie,2,C,W,2002
CAN,Stephane Richard,0,C,M,2000
CAN,Tyler Laidlaw,0,C,M,2000
CAN,Vadim Covalciuc,0,K,M,2000
CAN,Ydris Hunter,1,C,M,2001
CRO,Adrijan Bu_imkic,1,K,M,2001
CRO,Darko Erceg,2,C,M,2002
CRO,David Aracic,2,K,M,2002
CRO,Denis Folvarek,1,K,M,2001
CRO,Inga Karaka_,2,K,W,2002
CRO,Josip Lenac,1,K,M,2001
CRO,Leona Pavle_in,2,K,W,2002
CRO,Rafael Kolund_ic,1,C,M,2001
CRO,Samuel Lucic,1,K,M,2001
CZE,Adam Novotn_,0,K,M,2000
CZE,Adéla Házová,2,K,W,2002
CZE,Alena Krausová,2,C,W,2002
CZE,Al_beta Veverková,1,C,W,2001
CZE,Barbora Betlachová,1,K,W,2001
CZE,Barbora Galádová,2,K,W,2002
CZE,Barbora Vodicková,0,K,W,2000
CZE,Denisa Ráhová,1,C,W,2001
CZE,Gabriela Hermely,2,K,W,2002
CZE,Inka _evcíková,2,K,W,2002
CZE,Ivana Bohácová,0,K,W,2000
CZE,Jakub Brabec,1,K,M,2001
CZE,Jakub Kucera,1,K,M,2001
CZE,Jakub Remuta,2,K,M,2002
CZE,Jan Dolej_í,0,C,M,2000
CZE,Jan Machácek,2,K,M,2002
CZE,Jan Vorel,0,K,M,2000
CZE,Jaroslav Jakl,1,C,M,2001
CZE,Jirí Minarík,2,C,M,2002
CZE,Jirí Zalubil,0,C,M,2000
CZE,Johanka Tulachová,0,C,W,2000
CZE,Josef Záhora,1,K,M,2001
CZE,Katerina Zárubová,1,K,W,2001
CZE,Krist_na Havlová,1,C,W,2001
CZE,Luká_ Bacílek,2,C,M,2002
CZE,Luká_ Dvorák,0,K,M,2000
CZE,Markéta Vanourková,3,C,W,2003
CZE,Martin Vecerka,1,C,M,2001
CZE,Matyá_ Bokoc,1,C,M,2001
CZE,Michael Prokop,1,K,M,2001
CZE,Michael Voronic,0,K,M,2000
CZE,Michaela Reichová,0,K,W,2000
CZE,Michal Hovorka,1,C,M,2001
CZE,Monika Cernohousová,1,K,W,2001
CZE,Natálie Soucková,1,K,W,2001
CZE,Ondrej Ma_ek,0,K,M,2000
CZE,Otakar _tursa,2,C,M,2002
CZE,Patrik Podrask_,2,K,M,2002
CZE,Roman Müller,1,K,M,2001
CZE,_tepánka Sobí_ková,1,K,W,2001
CZE,Tomá_ Fridrych,0,K,M,2000
CZE,Tomá_ Hradil,2,K,M,2002
CZE,Tomá_ Sobí_ek,1,K,M,2001
CZE,Vendula Kyselá,1,C,W,2001
CZE,Veronika Húsková,1,C,W,2001
CZE,Vít Vohryzka,1,K,M,2001
CZE,Vojtech Burda,1,C,M,2001
CZE,Vojtech Novácek,1,C,M,2001
DEN,Caroline Faurschou,0,K,W,2000
DEN,Christian Farstad,0,K,M,2000
DEN,Emilie Markussen,1,K,W,2001
DEN,Frederik Jepsen,2,K,M,2002
DEN,Frederikke Matthiesen H.,0,K,W,2000
DEN,Gustav Skovsager,0,K,M,2000
DEN,Jacob Fogh Iversen,1,K,M,2001
DEN,Karoline Bergendorf,0,K,W,2000
DEN,Katrine Jensen,3,K,W,2003
DEN,Kristoffer Neve,2,C,M,2002
DEN,Laura Ljungholm,1,K,W,2001
DEN,Magnus Sibbersen,1,K,M,2001
DEN,Martin Jorgensen,0,K,M,2000
DEN,Mathilde Roed,1,K,W,2001
DEN,Mikkel Guldberg,1,K,M,2001
DEN,Pernille Hostrup,2,K,W,2002
DEN,Phillip Knudsen,2,K,M,2002
DEN,Rasmus Knudsen,0,K,M,2000
DEN,Sara Milthers,2,K,W,2002
DEN,William Scales,2,C,M,2002
FRA,Amélie Geoffrin,1,K,W,2001
FRA,Anais Boucher,0,K,W,2000
FRA,Axelle Renard,2,C,W,2002
FRA,Capucine Dubut,0,K,W,2000
FRA,César Becasseau,1,C,M,2001
FRA,Claire Billau,0,C,W,2000
FRA,Clémence Leblanc,1,C,W,2001
FRA,Corentin Comte,1,K,M,2001
FRA,Dicka Nassar,1,K,M,2001
FRA,Dorine Bonnot,0,K,W,2000
FRA,Elisa Jarry,1,K,W,2001
FRA,Flore Caupain,1,C,W,2001
FRA,Hugo Mata,1,C,M,2001
FRA,Laszlo Casseron,0,C,M,2000
FRA,Laszlo Casseron (,( ,C,M,20( 
FRA,Laura Ruiz,1,C,W,2001
FRA,Lou Boisnard,1,K,W,2001
FRA,Marie Huguet,1,K,W,2001
FRA,Mathis Sauliere,1,K,M,2001
FRA,Maud Denais,1,K,W,2001
FRA,Maxime Margely,0,K,M,2000
FRA,Maximilien Lancial,1,C,M,2001
FRA,Nicolas Pouillaude,1,K,M,2001
FRA,Quentin Eby,1,K,M,2001
FRA,Salya Lefoulon,1,K,W,2001
FRA,Thibaud Toso,1,K,M,2001
FRA,Titouan Le Meignen,0,K,M,2000
FRA,Tom Forterre,2,C,M,2002
GBR,Alex Greaves,1,K,M,2001
GBR,Alix Aitchison,1,C,W,2001
GBR,Andras Kereszturi,1,K,M,2001
GBR,Arthur Leech,0,C,M,2000
GBR,Ben Gallacher,0,K,M,2000
GBR,Charlotte Carey,2,C,W,2002
GBR,Daniel Atkins,1,K,M,2001
GBR,Edward Nightingdale,2,K,M,2002
GBR,Elise Churchill,1,K,W,2001
GBR,Enya Dale,1,K,W,2001
GBR,Fred Kemp,1,K,M,2001
GBR,Jack Brockway,2,K,M,2002
GBR,James Smithson,0,K,M,2000
GBR,Kate Hipkins,2,K,W,2002
GBR,Luke Shaw,0,K,M,2000
GBR,Philip Miles,1,K,M,2001
GBR,Rachael Kneen,0,K,W,2000
GBR,Robert Kerr,0,K,M,2000
GBR,Timothy Dowden,1,K,M,2001
GBR,Will Scammel,0,K,M,2000
GBR,Zoe Clark,1,K,W,2001
GEO,Nikolozi Khatiashvili,1,C,M,2001
GER,Alisa Gashi,1,K,W,2001
GER,Ari Kühnel,2,C,M,2002
GER,Charlotte Pietzsch,1,C,W,2001
GER,Elias Kurth,1,K,M,2001
GER,Florian Köppen,1,C,M,2001
GER,Franziska Kuckelkorn,0,K,W,2000
GER,Gina Zint,2,K,W,2002
GER,Isabelle Zanin,2,C,W,2002
GER,Jack Gries,1,K,M,2001
GER,Jannek Weßel,0,C,M,2000
GER,Jonas Schmitt,0,K,M,2000
GER,Josefine Landt,1,K,W,2001
GER,Josephin Bergmann,0,K,W,2000
GER,Katja Marschall,1,K,W,2001
GER,Kyra Klaft,0,K,W,2000
GER,Lina Bielicke,1,C,W,2001
GER,Lion Waurich,0,K,M,2000
GER,Lisa Kieschnick,2,K,W,2002
GER,Maximilian Zöllner,2,C,M,2002
GER,Melanie Gebelein,0,K,W,2000
GER,Mirijam Uhe,1,K,W,2001
GER,Moritz Florstedt,1,K,M,2001
GER,Moritz Wehlend,1,K,M,2001
GER,Moritz Wenzel,1,K,M,2001
GER,Nico Knop,0,K,M,2000
GER,Nicole Rushkovska,2,C,W,2002
GER,Niklas Heuser,2,K,M,2002
GER,Nils Globke,0,K,M,2000
GER,Patricia Schwarz,0,C,W,2000
GER,Pauline Zetzmann,1,K,W,2001
GER,Raul Melzer,2,K,M,2002
GER,Ricarda Fleckenstein,0,C,W,2000
GER,Roar Benecke,0,C,M,2000
GER,Stine Noack,0,K,W,2000
GER,Thorben Eller,0,C,M,2000
GER,Thorben Iltz,2,K,M,2002
GER,Tim Bechtold,2,C,M,2002
GER,Tobias Heuser,0,K,M,2000
GER,Tom Hinz -,1,C,M,2001
GER,Tom Maaßen,1,K,M,2001
GER,Wiebke Glamm,2,K,W,2002
HUN,Ádám Besenyei,1,C,M,2001
HUN,Ádám Farkas,0,C,M,2000
HUN,Ádám Gaszner,1,K,M,2001
HUN,Ádám Kiss,2,K,M,2002
HUN,Ádám Kocsis,0,C,M,2000
HUN,Adél Peto,2,K,W,2002
HUN,Adrienn Lodi,2,K,W,2002
HUN,Alida Gazsó,0,K,W,2000
HUN,András Redl,1,K,M,2001
HUN,Anna Pazár,1,K,W,2001
HUN,Áron Nyerges,2,K,M,2002
HUN,Balázs Pálla,2,C,M,2002
HUN,Balázs Zupkó,0,C,M,2000
HUN,Bálint Bucsi,0,C,M,2000
HUN,Bálint Gergo,0,K,M,2000
HUN,Bence Kuska,3,C,M,2003
HUN,Bence Paragi,1,C,M,2001
HUN,Bence Vajda,1,K,M,2001
HUN,Benedek Horváth,1,C,M,2001
HUN,Benedek Kós,0,K,M,2000
HUN,Bianka Nagy,0,C,W,2000
HUN,Blanka Szamosi,0,C,W,2000
HUN,Cintia Szabó,0,K,W,2000
HUN,Csenge Boldis,2,K,W,2002
HUN,Csenge Kulcsár,2,K,W,2002
HUN,Csenge Molnár,1,C,W,2001
HUN,Csilla Rugási,2,K,W,2002
HUN,Csongor Kurdi,2,K,M,2002
HUN,Dávid Halász,2,C,M,2002
HUN,Dávid Hodován,1,C,M,2001
HUN,Dominik Zombori,0,C,M,2000
HUN,Dominika Tóth,0,K,W,2000
HUN,Dóra Horányi,2,C,W,2002
HUN,Dóra Nyuli,0,K,W,2000
HUN,Dorina Fekete,1,K,W,2001
HUN,Emese Kohalmi,2,K,W,2002
HUN,Erik Csokor,0,K,M,2000
HUN,Eszter Rendessy,2,K,W,2002
HUN,Gergely Balogh,1,K,M,2001
HUN,Gyöngyvirág Rekop,0,K,W,2000
HUN,Huba Pálos,2,C,M,2002
HUN,Karina Biben,0,K,W,2000
HUN,Kristóf Keresztes,2,K,M,2002
HUN,Kristóf Kollár,1,C,M,2001
HUN,Krisztián Radics,0,K,M,2000
HUN,László Papp,3,C,M,2003
HUN,Laura Gönczöl,3,C,W,2003
HUN,Marcell Monoki,1,K,M,2001
HUN,Márk Csanki,3,C,M,2003
HUN,Márk Opavszky,1,K,M,2001
HUN,Martin Odnoga,1,C,M,2001
HUN,Márton Katona,2,K,M,2002
HUN,Márton Mitró,0,C,M,2000
HUN,Máté Pálfi,0,K,M,2000
HUN,Mátyás Majoros,2,K,M,2002
HUN,Maximilián Szendy,1,K,M,2001
HUN,Milán Koszegi,1,C,M,2001
HUN,Milán Szántó,0,K,M,2000
HUN,Mirtill Kovács,1,K,W,2001
HUN,Netta Gábor,0,K,W,2000
HUN,Nóra Aczél,1,C,W,2001
HUN,Nóra Folberth,3,C,W,2003
HUN,Olga Bakó,0,K,W,2000
HUN,Panna Sinkó,1,K,W,2001
HUN,Patrik Nikodém,0,K,M,2000
HUN,Réka Opavszky,3,C,W,2003
HUN,Réka Posta,0,K,W,2000
HUN,Róbert Kállai,0,C,M,2000
HUN,Szabina Szellák,2,K,W,2002
HUN,Tamás Erdélyi,1,K,M,2001
HUN,Tamás Grivalszki,0,K,M,2000
HUN,Tamás Isaák,0,K,M,2000
HUN,Tamás Szántói Szabó,0,K,M,2000
HUN,Tétény Szabó,1,C,M,2001
HUN,Vanda Zupkó,2,K,W,2002
HUN,Viktória Tófalvi,0,K,W,2000
HUN,Villo Angyal,2,K,W,2002
HUN,Zoltán Kósa,1,K,M,2001
HUN,Zoltán Vass,2,C,M,2002
HUN,Zsófia Csorba,3,C,W,2003
HUN,Zsófia Potoniec,1,K,W,2001
HUN,Zsóka Csikós,1,K,W,2001
HUN,Zsombor Ory,1,K,M,2001
JPN,Airi Hidaka,1,C,W,2001
JPN,Akira Matsukawa,2,K,M,2002
JPN,Fuka Konishi,0,K,W,2000
JPN,Hayato Ono,1,K,M,2001
JPN,Honatsu Endo,2,K,W,2002
JPN,Kanta Endo,0,K,M,2000
JPN,Kazuki Nakao,0,C,M,2000
JPN,Kei Sakiyama,1,C,W,2001
JPN,Komei Iwanaga,1,C,M,2001
JPN,Mao Takano,2,K,W,2002
JPN,Mei Isobe,1,K,W,2001
JPN,Mizuki Aoki,2,K,M,2002
JPN,Nao Kondo,0,K,W,2000
JPN,Okito Ishihara,0,C,M,2000
JPN,Riku Yonemitsu,1,C,M,2001
JPN,Rina Tokui,0,C,W,2000
JPN,Rinko Maruoka,0,K,W,2000
JPN,Ryuji Matsushiro,0,K,M,2000
JPN,Shota Shitara,1,K,M,2001
JPN,Suzune Imamura,0,K,W,2000
JPN,Taiyo Nakasono,3,C,M,2003
JPN,Takumi Yatsuhashi,0,K,M,2000
JPN,Takuto Fukui,0,K,M,2000
JPN,Tatsuya Shingai,0,C,M,2000
JPN,Tomoki Shinoda,0,C,M,2000
JPN,Tomomi Suwa,2,K,W,2002
JPN,Yu Hioki,2,C,W,2002
JPN,Yuki Nakao,1,C,M,2001
JPN,Yuya Kumai,1,C,M,2001
LAT,Aigars Cirulis,1,K,M,2001
LAT,Aleksejs Cikuns,1,C,M,2001
LAT,Aleksejs Sevcovs,1,C,M,2001
LAT,Anna Salnikova,1,K,W,2001
LAT,Ansis Grisans,0,C,M,2000
LAT,Edvards Ceipe,1,K,M,2001
LAT,Egils Kalns,0,K,M,2000
LAT,Ilja Lucenkovs,1,C,M,2001
LAT,Ingus Justs,2,K,M,2002
LAT,Janis Brunevics,2,K,M,2002
LAT,Jekabs Kalenda,2,K,M,2002
LAT,Jurijs Sevcovs,2,C,M,2002
LAT,Katrina Smiltniece,2,K,W,2002
LAT,Kristaps Leiniss,1,K,M,2001
LAT,Kristers Skudrins,1,K,M,2001
LAT,Kristians Kacars,0,C,M,2000
LAT,Kristofers Lamberts,0,K,M,2000
LAT,Laura Mazbursa,1,K,W,2001
LAT,Margarita Osa,2,K,W,2002
LAT,Matiss Milzers,1,K,M,2001
LAT,Matiss Ozols,0,C,M,2000
LAT,Nauris Tomsons,1,K,M,2001
LAT,Nils Medins,2,C,M,2002
LAT,Ralfs Abasovs,1,K,M,2001
LAT,Reina Rituma,2,K,W,2002
LAT,Sigita Dreimane,1,K,W,2001
LAT,Uvis Arbidans,0,K,M,2000
LAT,Valdislavs Fostijs,0,K,M,2000
LAT,Vitalijs Upenieks,0,C,M,2000
LAT,Zigmars Cinovskis,2,K,M,2002
LTU,Ala Grigorjeva,0,K,W,2000
LTU,Anastasija Krasnova,0,K,W,2000
LTU,Armandas _umbys,1,K,M,2001
LTU,Arturas Golovac,3,C,M,2003
LTU,Augustas Jankauskas,2,K,M,2002
LTU,Austeya Blo_yte,1,K,W,2001
LTU,Deividas Liukpetris,0,K,M,2000
LTU,Dominykas Po_era,1,C,M,2001
LTU,Emilijus Montvila,1,K,M,2001
LTU,Ernetstas Bucius,2,C,M,2002
LTU,Evelina Serafinait,0,C,W,2000
LTU,Gabriele Cerepokaite,1,C,W,2001
LTU,Gabriele Macijauskaite,1,K,W,2001
LTU,Gabriele Ma_eikaite,2,K,W,2002
LTU,Gintare Pali_auskaite,3,K,W,2003
LTU,Goda Steponavici,1,K,W,2001
LTU,Gvidas _ebrys,2,K,M,2002
LTU,Henrikas Kudriavcevas,2,K,M,2002
LTU,Ieva Vaitiekunaite,0,K,W,2000
LTU,Ignas Serafinas,2,C,M,2002
LTU,Jonas Veitas,1,K,M,2001
LTU,Joris Papinigis,0,C,M,2000
LTU,Julius Petrauskas,0,K,M,2000
LTU,Kamile Jakubelskait,1,K,W,2001
LTU,Karolina Borutait,1,K,W,2001
LTU,Karolis Eideyus,0,K,M,2000
LTU,Mantas Gadeikis,1,C,M,2001
LTU,Mantas Jablonskis,0,K,M,2000
LTU,Martynas Obelienius,1,C,M,2001
LTU,Osvaldas Mitkus,0,K,M,2000
LTU,Povilas Ramonas,0,C,M,2000
LTU,Ruta _ala_evici,1,K,W,2001
LTU,Steponas And_ius,1,C,M,2001
LTU,Tomas Liaudinskas,1,K,M,2001
LTU,Viaciaslav Buglak,2,C,M,2002
LTU,Viktorija Petraviciute,0,K,W,2000
LTU,Vytas Povilaitis,1,C,M,2001
LTU,_ygimantas Cesonis,0,C,M,2000
MEX,Martin Callejas,1,K,M,2001
MKD,Nikola Maleski,3,K,M,2003
MKD,Vladimir Maleski,2,K,M,2002
NED,Femke Jansen,1,K,W,2001
NED,Isa Vorsselman,0,K,W,2000
NED,Lena Ten Haaf,1,K,W,2001
NED,Milan Dekker,1,K,M,2001
NED,Milos Ristic,2,K,M,2002
NED,Olaf Staal,2,K,M,2002
NED,Wies Siffels,1,K,W,2001
NED,Yuri Aarnoudse,2,K,M,2002
NZL,Sam Ferkins,1,K,M,2001
POL,Adrian Klos,0,C,M,2000
POL,Adrianna Antos,0,C,W,2000
POL,Adrianna Kakol,1,K,W,2001
POL,Aleksandra Jacewicz,0,C,W,2000
POL,Anna Mielnik,2,K,W,2002
POL,Bartosz Grabowski,0,K,M,2000
POL,Bartosz Halas,2,K,M,2002
POL,Damian Liskowiak,1,K,M,2001
POL,Emil Czepe,2,K,M,2002
POL,Ewa Kowalska,2,C,W,2002
POL,Ewelina Antos,0,C,W,2000
POL,Hubert Olszewski,0,K,M,2000
POL,Igor Stasik,2,C,M,2002
POL,Jakub Wojciechowski,1,C,M,2001
POL,Julia Olszewska,0,K,W,2000
POL,Julia Walczak,0,C,W,2000
POL,Julia Wieczorek,0,K,W,2000
POL,Justyna Dorozinska,1,C,W,2001
POL,Kacper Bugajczyk,2,C,M,2002
POL,Kacper Bugajski,0,C,M,2000
POL,Kacper Dratwa,0,K,M,2000
POL,Kacper Imielinski,1,K,M,2001
POL,Karolina Karolczuk,1,K,W,2001
POL,Klaudia Sowa,0,K,W,2000
POL,Klaudia Szulecka,0,C,W,2000
POL,Luiza Durka,1,K,W,2001
POL,Marcin Jakubowski,0,K,M,2000
POL,Marcin Nowacki,2,K,M,2002
POL,Mateusz Wisniewski,0,K,M,2000
POL,Milosz Ziolkowski,1,K,M,2001
POL,Natalia Jarosz,0,K,W,2000
POL,Natalia Siemieniuk,1,C,W,2001
POL,Natalia Wojciechowska,2,K,W,2002
POL,Noel Czepe,1,C,M,2001
POL,Patrycja Holysz,1,K,W,2001
POL,Patrycja Szewczyk,2,K,W,2002
POL,Pawel Dominski,0,C,M,2000
POL,Piotr Czereszko,0,K,M,2000
POL,Sandra Ostrowska,0,K,W,2000
POL,Sebastian Aleksandrowicz,0,C,M,2000
POL,Stanislaw Szafraniec,1,K,M,2001
POL,Wiktoria Gozdek,2,C,W,2002
POL,Wojciech Bober,1,K,M,2001
POL,Wojciech Pilarz,1,K,M,2001
POR,Ana Caridade,1,K,W,2001
POR,Ana Silva,0,K,W,2000
POR,Andreia Azevedo,0,K,W,2000
POR,Beatriz Lamas,2,C,W,2002
POR,Bernardo Santos,0,K,M,2000
POR,Bruno Macedo,1,K,M,2001
POR,Bruno Silvério,0,K,M,2000
POR,César Soares,2,C,M,2002
POR,Francisco Santos,1,K,M,2001
POR,Iago Bebiano,1,K,M,2001
POR,Maria Brandao,1,K,W,2001
POR,Maria Gomes,1,K,W,2001
POR,Maria Oiiveira,1,K,W,2001
POR,Rodrigo Machado,1,K,M,2001
POR,Sandro Matias,2,K,M,2002
POR,Tomás Santos,0,K,M,2000
ROU,Denisa Retezan,2,K,W,2002
ROU,Maria Radu,1,K,W,2001
ROU,Razvan Ispas,2,K,M,2002
SIN,Angela Kwek,2,K,W,2002
SIN,Anisha Singh,0,K,W,2000
SIN,Anthea Low,1,K,W,2001
SIN,Choon Tan,2,K,M,2002
SIN,Chun Wang,2,K,W,2002
SIN,Daniella Lawther,2,K,W,2002
SIN,En Yap,2,K,W,2002
SIN,Georgia Ng,2,K,W,2002
SIN,Jack Smith,0,K,M,2000
SIN,Jia Kee,2,K,M,2002
SIN,Jie Ho,1,K,W,2001
SIN,Jovi Kalaichelvan,1,K,M,2001
SIN,Nicholas Poh,2,K,M,2002
SIN,Ryan Wong,2,K,M,2002
SIN,Sean Becker,0,K,M,2000
SIN,Tze Kuik,1,K,M,2001
SIN,Tze Tan,0,K,M,2000
SIN,"Weijun, Seow",0,K,M,2000
SIN,Yan Lim,0,K,W,2000
SIN,Zhan Teo,2,K,M,2002
SIN,Zhi Leo,0,K,M,2000
SLO,Filip Toplikar,1,K,M,2001
SLO,Jan Markelj,0,K,M,2000
SLO,Matej Madru_a,1,K,M,2001
SLO,Miha Fartek,1,K,M,2001
SLO,Neja Vodopivec,2,K,W,2002
SLO,Peter Karas,0,K,M,2000
SLO,Romina Mihalic,2,K,W,2002
SLO,Taja Smukavec,0,K,W,2000
SRB,Aleksandar Perovic,1,K,M,2001
SRB,Anastazija Bajuk,2,K,W,2002
SRB,Andrej Ninkovic,1,K,M,2001
SRB,Anja Damjanov,2,K,W,2002
SRB,Bojan Zdelar,0,K,M,2000
SRB,Branko Lagundzic,2,K,M,2002
SRB,Dimitrije Novakovic,1,K,M,2001
SRB,Djordje Antonijevic,2,K,M,2002
SRB,Dunja Saric,2,K,W,2002
SRB,Dusan Milosevic,1,C,M,2001
SRB,Elena Stevic,3,K,W,2003
SRB,Eva Barta,0,K,W,2000
SRB,Jelena Bodor,1,K,W,2001
SRB,Lazar Reljic,1,K,M,2001
SRB,Luka Alavanja,0,K,M,2000
SRB,Mihajlo Ristic,1,K,M,2001
SRB,Milica Popovic,1,K,W,2001
SRB,Miodrag Ikadinovic,1,K,M,2001
SRB,Nikola Krnac,1,K,M,2001
SRB,Nikola Perak,1,K,M,2001
SRB,Ognjen Mastalovic,0,K,M,2000
SRB,Ognjen Njezic,0,K,M,2000
SRB,Ognjen Tomic,0,C,M,2000
SRB,Olivera Mihajlovic,2,K,W,2002
SRB,Petar Beronja,2,C,M,2002
SRB,Rita Siveri,0,K,W,2000
SRB,Stefan Vrdoljak,0,K,M,2000
SRB,Tijana Arsic,1,C,W,2001
SRB,Tijana Janic,0,K,W,2000
SRB,Vojin Rudovic,1,K,M,2001
SRB,Vuk Miletic,3,K,M,2003
SRB,Zeljana Petrovic,2,K,W,2002
SVK,Adam Bende,2,K,M,2002
SVK,Alex Tóth,1,K,M,2001
SVK,Andrej Ladic,2,C,M,2002
SVK,Andrej Mazaník,1,C,M,2001
SVK,Dagmar Culenová,2,K,W,2002
SVK,Dávid Fekete,0,C,M,2000
SVK,Dávid Koczkás,0,C,M,2000
SVK,Dominik Olexík,1,C,M,2001
SVK,Eduard Str_cek,1,C,M,2001
SVK,Emma Horváth,2,K,W,2002
SVK,Jakub Kunovsk_,1,C,M,2001
SVK,Jessica Zatlkajova,0,K,W,2000
SVK,Karolina Seregiova,1,K,W,2001
SVK,Kristína Jankovská,2,C,W,2002
SVK,Lívia Vrecková,2,K,W,2002
SVK,Lucia Valová,1,C,W,2001
SVK,Marcela Duri_ová,1,K,W,2001
SVK,Márk Meszlényi,2,K,M,2002
SVK,Marko Ujvári,1,K,M,2001
SVK,Martin Ilia_,2,K,M,2002
SVK,Martina Havrilová,1,C,W,2001
SVK,Matej Krasnansk_,2,C,M,2002
SVK,Matú_ Jedinák,0,K,M,2000
SVK,Michal Jurco,2,K,M,2002
SVK,Nikol _utovská,2,K,W,2002
SVK,Peter Lerant Christopher,2,C,M,2002
SVK,Petra My_akova,0,K,W,2000
SVK,Richard Nemeth,1,K,M,2001
SVK,Richard Zilizi,0,C,M,2000
SVK,Romana Jakubisová,2,K,W,2002
SVK,Sandra Tinková,0,C,W,2000
SVK,Silvia Moravcíková,1,C,W,2001
SVK,Tamas Husveth,0,K,M,2000
SVK,Timea Henri,2,K,W,2002
SVK,Tomá_ Holka,0,K,M,2000
SVK,Viktória Ikréniová,2,C,W,2002
SVK,Zsolt Libai,1,K,M,2001
SWE,Albin Hallberg,1,K,M,2001
SWE,Dennis Kernen,0,K,M,2000
SWE,Ebba Thor,0,K,W,2000
SWE,Erik Andersson,1,K,M,2001
SWE,Ida Carlsson,0,K,W,2000
SWE,Isak Granström,0,K,M,2000
SWE,Jonna Ilovaara,0,K,W,2000
SWE,Karl Brodén,1,K,M,2001
SWE,Magnus Lindén,1,K,M,2001
SWE,Rebecka Gustafsson-lönn.,1,K,W,2001
SWE,William Berg,1,K,M,2001
TUN,Khatali Ghailene,0,C,M,2000
USA,Aaron Small,1,K,M,2001
USA,Andreea Ghizila,0,C,W,2000
USA,Andrew Surles,1,K,M,2001
USA,Augustus Cook,1,K,M,2001
USA,Ben Gregory,0,C,M,2000
USA,Brice Anderson,0,C,M,2000
USA,Caitlin Marsh,1,K,W,2001
USA,Caleb Copper,2,C,M,2002
USA,Camden Sexton,2,C,M,2002
USA,Colin Mcmullin,2,K,M,2002
USA,Edward Surles,1,C,M,2001
USA,Elena Wolgamot,2,K,W,2002
USA,Emma Mccoy,1,K,W,2001
USA,Evan Truesdale,1,K,M,2001
USA,Garrett Wampler,0,K,M,2000
USA,Irissa Danke,0,K,W,2000
USA,Jacob Zikan,1,K,M,2001
USA,Jonathan Barnato,0,K,M,2000
USA,Jonathan Grady,1,C,M,2001
USA,Kali Wilding,2,K,W,2002
USA,Kyle Field,0,K,M,2000
USA,Lisa Swenson,0,K,W,2000
USA,Natalie Brunson,2,C,W,2002
USA,Neha Harle,2,K,W,2002
USA,Nevin Harrison,2,C,W,2002
USA,Nicole Anderson,2,K,W,2002
USA,Paige Farley-klaick,2,C,W,2002
USA,Sierra Noskoff,2,K,W,2002
USA,Trisha Martinson,1,K,W,2001
USA,Walker Peck,2,K,M,2002