name,age,club,boat,gender,country,type
Aaron Rublee,,KCKC,C,M,CAN,
Abigail Van Dermerwe,2002,,C,F,CAN,
Adam Baird,2001,,K,M,CAN,
Adam Richard,2000,,C,M,CAN,
Adam van Koeverden,1982,,K,M,CAN,Elite
Adam Vetter,,FCRCC,C,M,CAN,
Adriana Lilley Osende,2001,,K,F,CAN,
Adriana Osende,2001,,K,F,CAN,
Aidan Dumont,2001,Carleton Place,K,M,CAN,
Aiden Tabata,2000,KCKC,K,M,CAN,
Aiden Winsor,2001,,K,F,CAN,
Ailish Mcnulty,1995,,K,F,CAN,
Alanna Bray-Lougheed,1993,,K,F,CAN,
Alec Myles,1999,,K,M,CAN,
Alec Sibthorpe,2001,,C,M,CAN,
Alek Bellemare,2000,,C,M,CAN,
Alessandro Busa,2001,,K,M,CAN,
Alex Brent,1997,,K,M,CAN,
Alex Canning,2000,,K,M,CAN,
Alexa Irvin,1992,,K,F,CAN,
Alexander Demishkevich,1999,,C,M,CAN,
Alexander Dimitriev,,RCKC,K,M,CAN,
Alexander Hoferek,2000,,K,M,CAN,
Alexander Mallet,2001,,K,M,CAN,
Alexander Scott,1995,,K,M,CAN,
Alexandre Hoferek,2000,,K,M,CAN,
Alexandre Martin,2000,,K,M,CAN,
Alexanne Morin,2000,,K,F,CAN,
Alexis Balsamo,,PCA,K,F,CAN,
Alexis Dallaire,2000,,C,M,CAN,
Alexis G√©linas,2000,Shawinigan,K,M,CAN,
Alexis Savard-Drouin,2000,,K,M,CAN,
Alexis St-Jean,1999,Trois Rivieres,K,M,CAN,
Alix Plomteux,2000,,C,M,CAN,
Allie Wang,2002,,K,F,CAN,
Allison Geldart,2000,,K,F,CAN,
Alyssa Penney,,RCKC,K,F,CAN,
Amelia Stephenson,2001,,C,F,CAN,
Amy Auclair,2000,,K,F,CAN,
Andr√©anne Langlois,1993,,K,F,CAN,
Andrea Ditchfield,,RCKC,K,F,CAN,
Andrew Billard,2002,,C,M,CAN,
Andrew Jessop,1990,,K,M,CAN,
Andrew Sugianto,,FCRCC,K,M,CAN,
Andrik Terauds,1998,,K,M,CAN,
Angella Lee,,RCKC,K,F,CAN,
Angelina Davidson,2002,,K,F,CAN,
Anna Beaudry,,PCA,C,F,CAN,
Anna Negulic,1998,,K,F,CAN,
Anna O'Brien,2002,,K,F,CAN,
Anna Roy-Cyr,1998,,C,F,CAN,
Anna Zhang,,FCRCC,C,F,CAN,
Annabelle Gadoury,2002,,K,F,CAN,
Annah-B√©n√©dicte Mbongo,2001,,K,F,CAN,
Anne-Catherine Lavallee-Latour,1999,,K,F,CAN,
Anne-Sophie Caumartin,2000,,K,F,CAN,
Anne-Sophie Lavoie-Parent,1998,,C,F,CAN,
Anya Chuprys,2000,,K,F,CAN,
Ariane Dessureault,2000,,K,F,CAN,
Arjun Senanayke,,FCRCC,C,M,CAN,
Arnaud Dallaire,2002,,K,M,CAN,
Asha Senanayke,,FCRCC,K,F,CAN,
Ashley Audas,2002,,K,F,CAN,
Ashley Card,1999,,K,F,CAN,
Ashley Rowe,,NCKC,K,F,CAN,
Audrey De Varennes,1999,,C,F,CAN,
August Sibthorpe,1997,,K,F,CAN,
Ava Carew,2003,,C,F,CAN,
Ayla Murdoc,,NCKC,K,F,CAN,
B√©atrice Lafontaine,2000,,K,F,CAN,
Ben Muench,,FLCC,K,M,CAN,
Ben Tardioli,1990,,C,M,CAN,
Brady Beaver,2000,Banook,K,M,CAN,
Brady Garcia,1997,,C,M,CAN,
Braiden Davis,,RCKC,K,M,CAN,
Brendan Shippit,,PCA,K,M,CAN,
Bret Himmelman,1998,,C,M,CAN,
Brian Hammer,,PMPC,K,M,CAN,
Brian Malfesi,1993,RCKC,K,M,CAN,
Brock Rawstron,,BCKC,K,M,CAN,
Brook McLean,,KCKC,C,F,CAN,
Brooke Westwater,2002,,K,F,CAN,
Brooklyn Wodehouse,2000,,K,F,CAN,
Bryan Davey,1999,,K,M,CAN,
Bryant Kelleway,,RCKC,K,M,CAN,
Caleb Gray,2000,,K,M,CAN,
Camden Pero,2000,,K,M,CAN,
Cameron Antifave,,NCKC,K,M,CAN,
Cameron Ledrew,2000,,K,M,CAN,
Cameron Low,2001,,K,M,CAN,
Cameron Maclean,,FLCC,K,M,CAN,
Carolyn Spina-Grzywacz,2002,,K,F,CAN,
Carly Lovett,,BCKC,K,F,CAN,
Carter Hugill,,RCKC,K,M,CAN,
Carys Mcmurray,2002,,K,F,CAN,
Cassidy MacPherson,,K,F,CAN,,
Charles Croteau,1999,,C,M,CAN,
Charles-Antoine Girouard,1994,,K,M,CAN,
Charlie Toth,,FLCC,K,M,CAN,
Charlotte Boisvert,2000,,K,F,CAN,
Charlotte Burke,2000,,K,F,CAN,
Charlotte Richard,2000,,C,F,CAN,
Chase Duff,,KCKC,K,M,CAN,
Chloe Martin,2002,,K,F,CAN,
Christian Ludwid,,RCKC,K,M,CAN,
Christian Patterson,2001,,C,M,CAN,
Christine George,1999,,C,F,CAN,
Christophe Proulx,1995,,K,M,CAN,
Christopher Abbott,,PMPC,C,M,CAN,
Cian Brushett,2001,,C,M,CAN,
Claire Carruthers,2001,,K,F,CAN,
Clay Lake,,RCKC,K,M,CAN,
Cl√©ment Bouchard,1996,,C,M,CAN,
Cody Franklin,,RCKC,C,M,CAN,
Coen del Valle,,K,M,CAN,,
Colin Black,1991,,K,M,CAN,
Colin Rieger,1999,,K,M,CAN,
Colton Meunch,,FLCC,K,M,CAN,
Connor Fitzpatrick,1998,,C,M,CAN,
Conor O'Neill,1999,,C,M,CAN,
Conrad Belliveau,,KCKC,K,M,CAN,
Corey Stewart,,PMPC,Para,M,CAN,
Corrina Higgins,1999,,K,F,CAN,
Courtney Piercey,2000,,K,F,CAN,
Courtney Stott,1992,,K,F,CAN,
Craig Johnson,2003,Senobe,K,M,CAN,
Craig Spence,1995,,C,M,CAN,
Dan Rink,,KCKC,K,M,CAN,
Daniel Mccullough,2002,,K,M,CAN,
Daniel Royal,2002,,C,M,CAN,
Danielle Caron,,NCKC,K,F,CAN,
Danylo Korsei,,FCRCC,C,M,CAN,
Darrel Pearse,,BCKC,K,M,CAN,
Darren Granale,,RCKC,K,M,CAN,
Darya Carmichael,2000,,K,F,CAN,
Daryl Remmler,,BCKC,K,M,CAN,
David Helliwell,,FCRCC,K,M,CAN,
David Nykl,,CRCC,K,M,CAN,
David Provost,1996,,C,M,CAN,
David Stewart,1999,,K,M,CAN,
Dell Meunch,,FLCC,K,M,CAN,
Devon Holcroft,,FLCC,K,M,CAN,
Dawson Peachey,2000,,C,M,CAN,
Dion Maxwell,,RCKC,K,M,CAN,
Dominic Gomez-Granger,1999,,K,M,CAN,
Dominik Cr√™te,1991,,K,M,CAN,
Donald Kiesling,,SCKC,K,M,CAN,
Doug Abbot,,BCKC,K,M,CAN,
Douglas Ellery,1990,,C,M,CAN,
Drew Hodges,1993,,C,M,CAN,
Duncan Vandermoor,,RCKC,K,M,CAN,
Dylan Walsh,,FCRCC,K,M,CAN,
Edgar C D√©sy,2002,,C,M,CAN,
Edward Colhoun,,BCKC,K,M,CAN,
√âdouard Beaumier,2000,,C,M,CAN,
Elias del Valle,,CRCC,K,M,CAN,
Elisa Robson-Brown,2001,FCRCC,K,F,CAN,
Elissa Elmadani,,FLCC,K,F,CAN,
Ella Hodgson-Pageau,2002,,C,F,CAN,
Elliot Hoyt,,FLCC,K,M,CAN,
Elliot Smith,2001,,K,M,CAN,
Emil Proulx,2001,,K,M,CAN,
Emily Burke,2000,,K,F,CAN,
Emily Parsons,2003,,K,F,CAN,
Emily Robinson,,KCKC,K,F,CAN,
Emma Guertin,,KCKC,K,F,CAN,
Emma Zoldy,2001,,K,F,CAN,
Emmanuelle Guilbert,1997,,C,F,CAN,
Ensby Brule,2001,,C,M,CAN,
Eric Ellery,1992,,K,M,CAN,
Eric Fast,,KCKC,K,M,CAN,
Eric Malogrosz,1999,,C,M,CAN,
Erika Gow,,FLCC,K,F,CAN,
Erin Demopolis,2001,,K,F,CAN,
Eugene Saburi,,CCKR,K,M,CAN,
Eva Goblot,2001,,K,F,CAN,
Evan Bezemer,1995,,C,M,CAN,
Evie Mcdonald,2003,,C,F,CAN,
Ewan MacKenzie,,RCKC,K,M,CAN,
Fridrich Lederer,,BCKC,K,M,CAN,
Florence Turcotte,2001,,K,F,CAN,
Foster Salpeter,1998,,C,M,CAN,
Fr√©d√©ric Hall√©,2001,,C,M,CAN,
Fr√©d√©rique Lemire,2001,,K,F,CAN,
Gabor Sarkozi,1998,,K,M,CAN,
Gabrielle Bowman,2001,,C,F,CAN,
Gabrielle Leverette,2002,,K,F,CAN,
Gavin Jaeger-Freeborn,1997,,C,M,CAN,
Geneva Bond,2003,,C,F,CAN,
Genevieve L'Abbe,1997,,K,F,CAN,
Georgia Langdon,,BCKC,K,F,CAN,
Gibbons Niamh,,NCKC,K,F,CAN,
Gillian Helliwell,,FCRCC,K,F,CAN,
Giselle Cohen,,PKCC,K,F,CAN,
Grace Tsaousidis,2001,,K,F,CAN,
Grace Whebby,1999,,K,F,CAN,
Graham Raynor,,NCKC,K,M,CAN,
Graham Smith,,BCKC,K,M,CAN,
Guillaume Fournelle,1998,,K,M,CAN,
Hank Wang,,BCKC,C,M,CAN,
Hannah English,2000,,K,F,CAN,
Hannah Horten,,PKCC,K,F,CAN,
Hannah Macintosh,1995,,C,F,CAN,
Harry Colhoun,,BCKC,K,M,CAN,
Hayden Kralik,2002,,K,M,CAN,
Hayley Conrad,2002,,K,F,CAN,
Hayley Plante,1996,,K,F,CAN,
H√©lio Tour√©,2002,,K,M,CAN,
Heather Giles,,RCKC,K,F,CAN,
Heidi Eden,,BCKC,K,F,CAN,
Hunter Morrissey,1995,,K,M,CAN,
Iain St Arnault,,FCRCC,K,M,CAN,
Ian Gaudet,2003,,K,M,CAN,
Ianna Folkes,,NCKC,K,F,CAN,
Isaac Finkelstein,1999,,C,M,CAN,
Isaiah Buist,,KCKC,K,M,CAN,
Isobel Glover,,VYPC,K,F,CAN,
Ivan Strashenko,2001,,K,M,CAN,
Jack Hall,2001,,K,M,CAN,
Jack Richman,2001,,K,M,CAN,
Jack Tutty,1999,,C,M,CAN,
Jackson Ali,,NCKC,K,M,CAN,
Jackson Lovett,,BCKC,K,M,CAN,
Jacob Chaine,1995,,K,M,CAN,
Jacob Fletcher,,FLCC,C,M,CAN,
Jacob Merrill-Arpin,2002,,C,M,CAN,
Jacob Price,2002,,K,M,CAN,
Jacob Steele,1997,,K,M,CAN,
Jacy Grant,2003,,C,F,CAN,
Jake Goddard,,KCKC,K,M,CAN,
James Erith-Ellwood,2002,Senobe,K,M,CAN,
James Lavallee,1997,,K,M,CAN,
James Mann,1999,,K,M,CAN,
Jane Girgulis,1999,,K,F,CAN,
Jarret Kenke,1994,,K,M,CAN,
Jasmine Kerr,2001,,K,F,CAN,
Jason Kim,,RCKC,K,M,CAN,
Jayden Hingley,2001,,C,M,CAN,
Jayden Terauds,2002,,C,M,CAN,
Jeff Jiang,,RCKC,K,M,CAN,
Jeff Raymond,,BCKC,K,M,CAN,
Jen Hunt,,RCKC,K,F,CAN,
Jen Zimmerman,,RCKC,K,F,CAN,
Jenna Neate,2000,,K,F,CAN,
Jeremy Desousa,2001,,K,M,CAN,
Jeremy Gagnon,2002,,K,M,CAN,
J√©r√©my Marchand,1999,,K,M,CAN,
J√©r√¥me Desrosiers Mcarthur,2001,,K,M,CAN,
J√©rome Lemay,2000,,K,M,CAN,
Jessica Mackay,2001,,C,F,CAN,
Jessica Reddin,2002,,K,F,CAN,
Jessie Kuran,,RCKC,C,F,CAN,
Jessie Rublee,,KCKC,C,F,CAN,
Jia Kim,,RCKC,K,F,CAN,
Joey Mollins,2001,,K,M,CAN,
John George,,BCKC,K,M,CAN,
Josh Plankeel,,FLCC,K,M,CAN,
Jordan Trass,,FLCC,K,M,CAN,
Julia Demchuk,2003,,K,F,CAN,
Julia Haring,2002,,C,F,CAN,
Julia Lilley Osende,2001,,C,F,CAN,
Julia Osende,2001,,C,F,CAN,
Julia Pottie,2001,,K,F,CAN,
Julianna Won,,RCKC,K,F,CAN,
Julien Lemay,1999,,C,M,CAN,
Juliette Brault,1997,,C,F,CAN,
Justin Lavigne,2001,,K,M,CAN,
Justin Won,,RCKC,K,M,CAN,
Kadan Johnson,2000,,K,M,CAN,
Khalil Lakhani,,BCKC,K,M,CAN,
Kailen Levy,2003,,K,M,CAN,
Kaimi Yoza,,HCKC,K,F,CAN,
Kaleb Aubey,,FLCC,K,M,CAN,
Kate Pennyfather,2002,,C,F,CAN,
Katherine Figueiredo,,PMPC,C,F,CAN,
Kathy Nay,,RCKC,K,F,CAN,
Katie Hoferek,1999,,K,F,CAN,
Katie Vanberkel,2001,,C,F,CAN,
Katie Vincent,1996,,C,F,CAN,Elite
Katrina Loutet,,BCKC,K,F,CAN,
Katja Rademacher,,BCKC,K,F,CAN,
Katy Stewart,2002,,K,F,CAN,
Kavita Thomas,2003,,C,F,CAN,
Keaton Brown,2003,Cheema,K,M,CAN,
Keegan Bateman,,FCRCC,K,F,CAN,
Keisha Tomasik,1996,,K,F,CAN,
Keisa Bleiler,,FCRCC,K,F,CAN,
Keith Kelleway,,RCKC,K,M,CAN,
Keith Major,,BCKC,K,M,CAN,
Kelly Downes,,KCKC,C,M,CAN,
Ken Muir,,RCKC,K,M,CAN,
Kenjiro MacMartin,,FCRCC,K,M,CAN,
Kevin Priebe,,RCKC,Para,M,CAN,
Kiera Willis,,KCKC,K,F,CAN,
Kieran Moorfield-Yee,1999,,C,M,CAN,
Kira Kishimoto,,BCKC,K,F,CAN,
Kirpa Dhillon,2000,,K,F,CAN,
Kirsten Huberman,,RCKC,K,F,CAN,
Krista Rasmussen,,BCKC,K,F,CAN,
Kirsten Cheung,,FLCC,K,F,CAN,
Kristen To,,FCRCC,K,F,CAN,
Kristian McIntosh,,RCKC,K,M,CAN,
Kristin Bauder,,RCKC,K,F,CAN,
Krystal Himantog,,FCRCC,K,F,CAN,
Kyle Perrier,2001,,C,M,CAN,
Kyle Smith,1983,,K,M,CAN,
Landon McQuarrie,,FLCC,K,M,CAN,
Laura Mackinnon,2000,,K,F,CAN,
Laurence Vincent-Lapointe,1992,,C,F,CAN,Elite
Laurent Lavigne,2001,,K,M,CAN,
Lauryn Cheung,,FLCC,K,F,CAN,
Lauryn Clague,,FCRCC,K,F,CAN,
L√©a-Sophie H√©roux,2002,,C,F,CAN,
L√©anne Gilbert,2000,,K,F,CAN,
Levi Rasmussen,,CRCC,K,M,CAN,
Lexy Vincent,1997,,K,F,CAN,
Liam Ring,2002,,K,M,CAN,
Liam Stewart,,FLCC,C,M,CAN,
Lila Macleod,2001,,K,F,CAN,
Lily Armstrong,2002,,C,F,CAN,
Lily Baert,2002,,K,F,CAN,
Lily Small,,RCKC,K,F,CAN,
Lindsay Irwin,2000,,C,F,CAN,
Lindsay Murray,2003,,C,F,CAN,
Lissa Bissonnette,1990,,K,F,CAN,
Lochlen Farquharson,1997,,K,M,CAN,
Logan Gauthier,2002,,C,M,CAN,
Logan Thom,2002,,C,M,CAN,
Louis Blanchette,2002,,K,M,CAN,
Louis Couture,2002,,C,M,CAN,
Louis Vranderick,2000,,K,M,CAN,
Lucas Mortensen,,FCRCC,K,M,CAN,
Lucas Stringer,2003,,C,M,CAN,
Lucas Turnbull,1999,,C,M,CAN,
Lucy Pennyfather,1999,,K,F,CAN,
Lucy Traves,2001,,K,F,CAN,
Luke Bennett,2001,,K,M,CAN,
Luke Stienburg,1999,,K,M,CAN,
Lysanne Toupin,2001,,K,F,CAN,
Maddy Beaudry,,PCA,K,F,CAN,
MacKenzie Sparks,2001,,C,F,CAN,
MacKenzie Reed,,VYPC,K,F,CAN,
Maddison Mackenzie,1995,,K,F,CAN,
Madeline Schmidt,1995,,K,F,CAN,
Madeline Smith,2003,,C,F,CAN,
Maeve Leblanc,2000,,C,F,CAN,
Maggie Henderson,,RCKC,K,F,CAN,
Ma√Øka Nadeau,2002,,C,F,CAN,
Marc Cinq-mars,2002,,C,M,CAN,
Marc Cinq-Mars,2002,,C,M,CAN,
Marc-Alexandre Gagnon,1991,,K,M,CAN,
Maren Bradley,2001,,K,F,CAN,
Marie-F√©lix Courchesne,2002,,K,F,CAN,
Mark De Jonge,1984,,K,M,CAN,
Mark James,1991,,C,M,CAN,
Mark Marschalko,1997,,K,M,CAN,
Mark Oldershaw,1983,,C,M,CAN,
Mario deSantis,,FLCC,K,M,CAN,
Mark Franklin,,RCKC,K,M,CAN,
Marko Radovic,,FCRCC,K,M,CAN,
Marlee Macintosh,2000,,C,F,CAN,
Marshall Hughes,1995,,K,M,CAN,
Marvin Bader,2001,FCRCC,K,M,CAN,
Mary Brown,2002,,C,F,CAN,
Mason Koch,2000,,C,M,CAN,
Matao Buist,,KCKC,K,M,CAN,
Mathieu Gilbert,2002,,K,M,CAN,
Matthew Abbott,,PMPC,C,M,CAN,
Matthew Audas,2002,,K,M,CAN,
Matthew Koch,2003,,C,M,CAN,
Matthew Koehler,1998,,K,M,CAN,
Matthew Kuran,,RCKC,K,M,CAN,
Matthew Mullett,2002,,K,M,CAN,
Matthew O'Neill,2002,,C,M,CAN,
Matthew O¬¥neill,2002,,C,M,CAN,
Matthew Sampson,2000,,C,M,CAN,
Max Perry,2000,,C,M,CAN,
Maxence Beauchesne,1996,,K,M,CAN,
Maxyme Leblanc,2001,,K,F,CAN,
M√©d√©rick Desrochers,2001,,C,M,CAN,
Megan Mcneil,2001,,K,F,CAN,
Meghan Cheung,,FLCC,K,F,CAN,
Melanie Avanthay,,BCKC,K,F,CAN,
Melody Oh,,RCKC,K,F,CAN,
Melissa Black,1994,,K,F,CAN,
Michael Lanyon,,KCKC,K,M,CAN,
Michaela Ermanovics,2000,,C,F,CAN,
Michelle Russell,1992,,K,F,CAN,
Michelle Vandermoor,,RCKC,K,F,CAN,
Mika Asano,,BCKC,K,F,CAN,
Milo Jackson,,FCRCC,K,M,CAN,
Miranda Rogers,2001,,K,F,CAN,
Molly Rusinak-Short,2004,,K,F,CAN,
Morgan Pugh Toole,1999,,K,F,CAN,
Nadya Crossman-Serb,1996,,C,F,CAN,
Naomi Avanthay,,BCKC,C,F,CAN,
Natalie Davison,1992,,K,F,CAN,
Natasha Spring,,FLCC,K,F,CAN,
Nay Nay,,RCKC,K,F,CAN,
Nazira Lakhani,,BCKC,K,F,CAN,
Nicholas Billard,2000,,C,M,CAN,
Nicholas Lamontagne,2001,,C,M,CAN,
Nicholas Matveev,1997,,K,M,CAN,
Nick Baert,1995,,C,M,CAN,
Nicky Dann,,CRCC,K,M,CAN,
Nicolas Thirion,1998,,K,M,CAN,
Nicole Darlington,,NCKC,K,F,CAN,
Nikolas Favreau-Regimballe,1998,,C,M,CAN,
Nikole Gorelova,2000,,C,F,CAN,
Noah MacMartin,,FCRCC,K,M,CAN,
Nora Featherstone,2000,,C,F,CAN,
Oc√©ane Marchand,2002,,K,F,CAN,
Olivia Denman,1996,,K,F,CAN,
Olivia Pucci,2001,,K,F,CAN,
Olivier Courchesne,1998,,K,M,CAN,
Oliver Esseltine,,PCA,C,M,CAN,
Omeed Lakhani,,BCKC,K,M,CAN,
Oskar Morawski,1999,Balmy Beach,K,M,CAN,
Palmer Lumb,1999,,K,M,CAN,
Patrick Dann,,CRCC,K,M,CAN,
Patrick Linden,,VYPC,K,M,CAN,
Paul Lapierre,1998,,K,M,CAN,
Peter Gogolev,2001,,K,M,CAN,
Philipe Turcanu,2000,,C,M,CAN,
Philippe Th√©rien,2000,,K,M,CAN,
Pierre-Luc Poulin,1995,,K,M,CAN,
Quinn Phare,,PCA,C,M,CAN,
Quinn Thomson,2003,BCKC,C,M,CAN,
Raine Giff,2002,,K,M,CAN,
Rapha√´l Nadeau,1999,,C,M,CAN,
Rebecca Sampson,2002,,K,F,CAN,
Reese Weir,,KCKC,K,F,CAN,
Reef Gladwin,,VYPC,K,M,CAN,
R√©mi Bergeron,2002,,C,M,CAN,
Ricki Baxter,,BCKC,K,F,CAN,
Riley Gray,2002,,K,F,CAN,
Riley Melanson,1999,,K,F,CAN,
Robin Kendall,1997,,C,M,CAN,
Roland Varga,1990,,C,M,CAN,
Rosalie Belleville,2002,,C,F,CAN,
Rosalie Tremblay,2002,,K,F,CAN,
Rowan Davison,,FCRCC,K,M,CAN,
Rowan Gow,,FLCC,K,M,CAN,
Rowan Gray,2003,,K,M,CAN,
Rowan Hardy-Kavanagh,1996,,C,F,CAN,
Rayne Tarasiuk,,RCKC,K,F,CAN,
Ryan Cochrane,1983,,K,M,CAN,
Ryan Hayes,,FLCC,K,M,CAN,
Sabrina Cadoret,2002,,C,F,CAN,
Sacha Skirzyk,2001,,K,M,CAN,
Sam Halldorson,,BCKC,K,M,CAN,
Samantha Loutet,2001,,C,F,CAN,
Samantha Morse,2000,,K,F,CAN,
Samantha Stein,2000,,K,F,CAN,
Samantha Sula,1999,,K,F,CAN,
Samuel Hao,,FLCC,K,M,CAN,
Samuel Rosenthal,,KCKC,K,M,CAN,
Sandra Sorescu,,RCKC,K,M,CAN,
Sarah Nagy,2001,,K,F,CAN,
Sarah V√©gas-Dubois,1992,,K,F,CAN,
Sawyer Capes,2000,,K,M,CAN,
Sean Franklin,,RCKC,K,M,CAN,
Sebastian Hayto,,BCKC,K,M,CAN,
Sebastian Sorescu,,RCKC,K,M,CAN,
Seren Hampshire,2001,,K,F,CAN,
Shania Modha,,RCKC,K,F,CAN,
Shannon Myles,1998,,C,M,CAN,
Sharon Kim,,RCKC,K,F,CAN,
Sherry Hunk,,RCKC,K,F,CAN,
Shon Cottrill,,PMPC,Para,M,CAN,
Siobhan Gibbons,,NCKC,K,F,CAN,
Simon Chambers Crease,1998,,K,M,CAN,
Simon Coallier-Morissette,1998,,C,M,CAN,
Sky Leuba,,FLCC,K,M,CAN,
Sloan Mackenzie,2002,,C,F,CAN,
Somer Maceachern,2000,,K,F,CAN,
Sophia Jensen,2001,,C,F,CAN,
Spencer Robinson,2000,KCKC,K,M,CAN,
Stanley Netherton,,KCKC,K,M,CAN,
Stella Duncan,2002,,C,F,CAN,
Stephane Richard,2000,,C,M,CAN,
Stephanie Koenig,,FCRCC,C,F,CAN,
Stephen Courteney,,RCKC,C,M,CAN,
Stephen Frodsham,1995,,C,M,CAN,
Stephen Lucato,,VYPC,K,M,CAN,
Stephen Wang,,RCKC,K,M,CAN,
Steve Juranovics,,BCKC,K,M,CAN,
Steven Mare,,PKCC,K,M,CAN,
Stu Chase,,FCRCC,Para,M,CAN,
Tessa Nagai,,RCKC,K,F,CAN,
Thomas C√¥t√©,1999,,C,M,CAN,
Thomas Duff,,NCKC,K,M,CAN,
Thomas Hall,1995,,C,M,CAN,
Thomas McGrath,2002,Cheema,K,M,CAN,
Thomas Paquette,1999,,K,M,CAN,
Thomas Royal,2000,,K,M,CAN,
Tienchun Shi,,FLCC,K,M,CAN,
Tiffany Yau,2000,FCRCC,K,F,CAN,
Tomoki MacMartin,,FCRCC,K,M,CAN,
Toshka Besharah,2002,,K,F,CAN,
Ty Gee,,BCKC,K,M,CAN,
Tyler Demidoff,,RCKC,K,M,CAN,
Tyler Laidlaw,2000,,C,M,CAN,
Ula Langdon,,BCKC,K,F,CAN,
Vadim Covalciuc,2000,,K,M,CAN,
Verna McNichol,,RCKC,K,F,CAN,
Victor Desaulniers,1997,,K,M,CAN,
Vincent Jourdenais,1997,,K,M,CAN,
Vincent Tremblay-Cadotte,1999,,C,M,CAN,
Virginia Kuran,,RCKC,K,F,CAN,
Wes Hammer,,BCKC,K,M,CAN,
Wilf Payne,,RCKC,K,M,CAN,
William Mann,1999,,C,M,CAN,
William Miller,2001,,K,M,CAN,
Willow Kehler,,RCKC,K,F,CAN,
Xavier Levasseur,2002,,K,M,CAN,
Yasmine Semeniuk,,RCKC,C,F,CAN,
Ydris Hunter,2001,,C,M,CAN,
Zach Morgan,,KCKC,C,M,CAN,
Zane Clarke,1996,,K,M,CAN,
Rachel Marcuson,1988,MCC,C,F,CAN,